1138750217,nsfw,t3_5yart
1138736421,nsfw,t3_5yat8
1138555148,nsfw,t3_5yaxe
1138312341,nsfw,t3_5yb24
1138297669,nsfw,t3_5yb40
1138751932,reddit.com,t3_5yarj
1138751779,reddit.com,t3_5yarm
1138746840,reddit.com,t3_5yarz
1138746360,reddit.com,t3_5yas4
1138746279,reddit.com,t3_5yas8
1138744860,reddit.com,t3_5yasa
1138744731,reddit.com,t3_5yasc
1138744530,reddit.com,t3_5yase
1138744509,reddit.com,t3_5yasf
1138742149,reddit.com,t3_5yasl
1138741888,reddit.com,t3_5yaso
1138741762,reddit.com,t3_5yasq
1138739073,reddit.com,t3_5yasw
1138736355,reddit.com,t3_5yat9
1138670064,reddit.com,t3_5yatd
1138669961,reddit.com,t3_5yate
1138669701,reddit.com,t3_5yati
1138667120,reddit.com,t3_5yatu
1138665152,reddit.com,t3_5yatz
1138665132,reddit.com,t3_5yau0
1138665105,reddit.com,t3_5yau1
1138664988,reddit.com,t3_5yau2
1138664977,reddit.com,t3_5yau3
1138664907,reddit.com,t3_5yau4
1138664738,reddit.com,t3_5yau5
1138664643,reddit.com,t3_5yau6
1138661934,reddit.com,t3_5yau8
1138661872,reddit.com,t3_5yaua
1138661808,reddit.com,t3_5yaub
1138661710,reddit.com,t3_5yaue
1138661637,reddit.com,t3_5yauf
1138661572,reddit.com,t3_5yaug
1138656543,reddit.com,t3_5yaux
1138656440,reddit.com,t3_5yauy
1138654336,reddit.com,t3_5yav4
1138654240,reddit.com,t3_5yav6
1138654103,reddit.com,t3_5yav8
1138651386,reddit.com,t3_5yave
1138651272,reddit.com,t3_5yavg
1138651255,reddit.com,t3_5yavh
1138648877,reddit.com,t3_5yavp
1138566864,reddit.com,t3_5yaw7
1138566736,reddit.com,t3_5yaw8
1138566699,reddit.com,t3_5yaw9
1138566602,reddit.com,t3_5yawa
1138561352,reddit.com,t3_5yawt
1138561266,reddit.com,t3_5yaww
1138558470,reddit.com,t3_5yawz
1138555464,reddit.com,t3_5yax9
1138555258,reddit.com,t3_5yaxb
1138555118,reddit.com,t3_5yaxg
1138555094,reddit.com,t3_5yaxh
1138554906,reddit.com,t3_5yaxi
1138551847,reddit.com,t3_5yaxq
1138545211,reddit.com,t3_5yay4
1138544536,reddit.com,t3_5yay9
1138542326,reddit.com,t3_5yayf
1138542300,reddit.com,t3_5yayg
1138540361,reddit.com,t3_5yayq
1138540173,reddit.com,t3_5yayr
1138539906,reddit.com,t3_5yayv
1138539465,reddit.com,t3_5yayw
1138408645,reddit.com,t3_5yaz1
1138407995,reddit.com,t3_5yaz6
1138404161,reddit.com,t3_5yaza
1138404151,reddit.com,t3_5yazb
1138404122,reddit.com,t3_5yazc
1138404100,reddit.com,t3_5yazd
1138404098,reddit.com,t3_5yaze
1138401472,reddit.com,t3_5yazj
1138401279,reddit.com,t3_5yazk
1138401187,reddit.com,t3_5yazl
1138398724,reddit.com,t3_5yazu
1138398722,reddit.com,t3_5yazv
1138398544,reddit.com,t3_5yazw
1138398511,reddit.com,t3_5yazy
1138394459,reddit.com,t3_5yb0a
1138390852,reddit.com,t3_5yb0f
1138390667,reddit.com,t3_5yb0i
1138388801,reddit.com,t3_5yb0l
1138388767,reddit.com,t3_5yb0m
1138388733,reddit.com,t3_5yb0n
1138388697,reddit.com,t3_5yb0p
1138388443,reddit.com,t3_5yb0r
1138386882,reddit.com,t3_5yb0v
1138386873,reddit.com,t3_5yb0w
1138386670,reddit.com,t3_5yb0y
1138386463,reddit.com,t3_5yb11
1138386455,reddit.com,t3_5yb12
1138386397,reddit.com,t3_5yb14
1138385229,reddit.com,t3_5yb18
1138385225,reddit.com,t3_5yb19
1138385028,reddit.com,t3_5yb1b
1138384984,reddit.com,t3_5yb1d
1138383208,reddit.com,t3_5yb1h
1138383204,reddit.com,t3_5yb1j
1138315864,reddit.com,t3_5yb1y
1138312523,reddit.com,t3_5yb20
1138309991,reddit.com,t3_5yb2b
1138308870,reddit.com,t3_5yb2h
1138306695,reddit.com,t3_5yb2l
1138306611,reddit.com,t3_5yb2o
1138304603,reddit.com,t3_5yb2v
1138304359,reddit.com,t3_5yb2y
1138304336,reddit.com,t3_5yb2z
1138302205,reddit.com,t3_5yb33
1138302051,reddit.com,t3_5yb36
1138300366,reddit.com,t3_5yb3e
1138300042,reddit.com,t3_5yb3k
1138300031,reddit.com,t3_5yb3l
1138298571,reddit.com,t3_5yb3o
1138298500,reddit.com,t3_5yb3q
1138298348,reddit.com,t3_5yb3u
1138298293,reddit.com,t3_5yb3w
1138297657,reddit.com,t3_5yb41
1138227847,reddit.com,t3_5yb51
1138227840,reddit.com,t3_5yb52
1138225485,reddit.com,t3_5yb5b
1138225310,reddit.com,t3_5yb5f
1138222939,reddit.com,t3_5yb5o
1138222722,reddit.com,t3_5yb5r
1138219962,reddit.com,t3_5yb5y
1138219915,reddit.com,t3_5yb5z
1138219593,reddit.com,t3_5yb63
1138213288,reddit.com,t3_5yb6t
1138210480,reddit.com,t3_5yb72
1138145838,reddit.com,t3_5yb7a
1138136525,reddit.com,t3_5yb87
1138136520,reddit.com,t3_5yb88
1138134998,reddit.com,t3_5yb8f
1138134987,reddit.com,t3_5yb8g
1138134959,reddit.com,t3_5yb8i
1138134827,reddit.com,t3_5yb8k
1138131467,reddit.com,t3_5yb8z
1138131205,reddit.com,t3_5yb92
1138129729,reddit.com,t3_5yb98
1138129431,reddit.com,t3_5yb9e
1138127610,reddit.com,t3_5yb9l
1138126304,reddit.com,t3_5yb9w
1138126222,reddit.com,t3_5yba0
